"Data Source","World Development Indicators",

"Last Updated Date","2026-04-08",

"Country Name","Country Code","Indicator Name","Indicator Code","1960","1961","1962","1963","1964","1965","1966","1967","1968","1969","1970","1971","1972","1973","1974","1975","1976","1977","1978","1979","1980","1981","1982","1983","1984","1985","1986","1987","1988","1989","1990","1991","1992","1993","1994","1995","1996","1997","1998","1999","2000","2001","2002","2003","2004","2005","2006","2007","2008","2009","2010","2011","2012","2013","2014","2015","2016","2017","2018","2019","2020","2021","2022","2023","2024","2025",
"Aruba","ABW","Coverage of social safety net programs (% of population)","per_sa_allsa.cov_pop_tot","","","","","","","","","","","","","","","","","","","","","","","","","","","","","","","","","","","","","","","","","","","","","","","","","","","","","","","","","","","","","","","","","","",
"Africa Eastern and Southern","AFE","Coverage of social safety net programs (% of population)","per_sa_allsa.cov_pop_tot","","","","","","","","","","","","","","","","","","","","","","","","","","","","","","","","","","","","","","","","","","","","","","","","","","","","","","","","","","","","","","","","","","",
"Afghanistan","AFG","Coverage of social safety net programs (% of population)","per_sa_allsa.cov_pop_tot","","","","","","","","","","","","","","","","","","","","","","","","","","","","","","","","","","","","","","","","","","","","","","","","15.262762639307","","","","8.82058232654446","","","","","","","","","","","","","","",
"Africa Western and Central","AFW","Coverage of social safety net programs (% of population)","per_sa_allsa.cov_pop_tot","","","","","","","","","","","","","","","","","","","","","","","","","","","","","","","","","","","","","","","","","","","","","","","","","","","","","","","","","","","","","","","","","","",
"Angola","AGO","Coverage of social safety net programs (% of population)","per_sa_allsa.cov_pop_tot","","","","","","","","","","","","","","","","","","","","","","","","","","","","","","","","","","","","","","","","","","","","","","","","","","","","","","","","","","","4.43958944436565","","","","","","","",
"Albania","ALB","Coverage of social safety net programs (% of population)","per_sa_allsa.cov_pop_tot","","","","","","","","","","","","","","","","","","","","","","","","","","","","","","","","","","","","","","","","","","","","","","","","","32.6740853606454","","","","19.0816723832217","","","1.23594234534239","1.73816031643537","7.0845683315488","5.98624940916028","","","","","","","",
"Andorra","AND","Coverage of social safety net programs (% of population)","per_sa_allsa.cov_pop_tot","","","","","","","","","","","","","","","","","","","","","","","","","","","","","","","","","","","","","","","","","","","","","","","","","","","","","","","","","","","","","","","","","","",
"Arab World","ARB","Coverage of social safety net programs (% of population)","per_sa_allsa.cov_pop_tot","","","","","","","","","","","","","","","","","","","","","","","","","","","","","","","","","","","","","","","","","","","","","","","","","","","","","","","","","","","","","","","","","","",
"United Arab Emirates","ARE","Coverage of social safety net programs (% of population)","per_sa_allsa.cov_pop_tot","","","","","","","","","","","","","","","","","","","","","","","","","","","","","","","","","","","","","","","","","","","","","","","","","","","","","","","","","","","","","","","","","","",
"Argentina","ARG","Coverage of social safety net programs (% of population)","per_sa_allsa.cov_pop_tot","","","","","","","","","","","","","","","","","","","","","","","","","","","","","","","","","","","","","","","","","","","","","","","11.3535106611594","","","","9.39435126081511","17.0643632726734","16.2698246563748","19.7620486495655","16.8084917819738","","24.1132814558809","23.921311233888","24.9468052975854","26.3168777566722","41.3987285647448","30.1675457815708","33.2027970751819","","","",
"Armenia","ARM","Coverage of social safety net programs (% of population)","per_sa_allsa.cov_pop_tot","","","","","","","","","","","","","","","","","","","","","","","","","","","","","","","","","","","","","","","","","","","","","","","","","22.440415499964","19.5961364300665","23.2163339646719","20.2294860958326","25.0432828639295","24.6327011469305","28.3956683352025","30.5583521561949","33.3801019786847","35.2253527340695","29.7560684760607","32.5789970976157","39.0455628659249","39.4815832343831","42.0071995888752","","","",
"American Samoa","ASM","Coverage of social safety net programs (% of population)","per_sa_allsa.cov_pop_tot","","","","","","","","","","","","","","","","","","","","","","","","","","","","","","","","","","","","","","","","","","","","","","","","","","","","","","","","","","","","","","","","","","",
"Antigua and Barbuda","ATG","Coverage of social safety net programs (% of population)","per_sa_allsa.cov_pop_tot","","","","","","","","","","","","","","","","","","","","","","","","","","","","","","","","","","","","","","","","","","","","","","","","","","","","","","","","","","","","","","","","","","",
"Australia","AUS","Coverage of social safety net programs (% of population)","per_sa_allsa.cov_pop_tot","","","","","","","","","","","","","","","","","","","","","","","","","","","","","","","","","","","","","","","","","","","","","","","","","","","","","","","","","","","","","","","","","","",
"Austria","AUT","Coverage of social safety net programs (% of population)","per_sa_allsa.cov_pop_tot","","","","","","","","","","","","","","","","","","","","","","","","","","","","","","","","","","","","","","","","","","","","","","","","","","","","","","","","","","","","","","","","","","",
"Azerbaijan","AZE","Coverage of social safety net programs (% of population)","per_sa_allsa.cov_pop_tot","","","","","","","","","","","","","","","","","","","","","","","","","","","","","","","","","","","","","","","","","","","","","","","","","","","","","","","","26.9149292187285","","","","","","","","","","",
"Burundi","BDI","Coverage of social safety net programs (% of population)","per_sa_allsa.cov_pop_tot","","","","","","","","","","","","","","","","","","","","","","","","","","","","","","","","","","","","","","","","","","","","","","","","","","","","","","","","","","","","7.89073577606832","","","","","","",
"Belgium","BEL","Coverage of social safety net programs (% of population)","per_sa_allsa.cov_pop_tot","","","","","","","","","","","","","","","","","","","","","","","","","","","","","","","","","","","","","","","","","","","","","","","","","","","","","","","","","","","","","","","","","","",
"Benin","BEN","Coverage of social safety net programs (% of population)","per_sa_allsa.cov_pop_tot","","","","","","","","","","","","","","","","","","","","","","","","","","","","","","","","","","","","","","","","","","","","","","","","","","","","","","","","","","","8.2447477996347","","","4.96796113249095","","","","",
"Burkina Faso","BFA","Coverage of social safety net programs (% of population)","per_sa_allsa.cov_pop_tot","","","","","","","","","","","","","","","","","","","","","","","","","","","","","","","","","","","","","","","","","","","","34.269212209023","","","","","","","","","","","2.28712048366173","","","","15.2802790373141","","","41.3562249749749","","","","",
"Bangladesh","BGD","Coverage of social safety net programs (% of population)","per_sa_allsa.cov_pop_tot","","","","","","","","","","","","","","","","","","","","","","","","","","","","","","","","","","","","","","","","","","","","","","12.3973241330295","","","","","15.0784360055607","","","","","","40.7017579133271","","","","","","54.3724473787056","","","",
"Bulgaria","BGR","Coverage of social safety net programs (% of population)","per_sa_allsa.cov_pop_tot","","","","","","","","","","","","","","","","","","","","","","","","","","","","","","","","","","","","","","","","","","","","","","","","39.5348836657082","","","","","","","","","","","","","","","","","","",
"Bahrain","BHR","Coverage of social safety net programs (% of population)","per_sa_allsa.cov_pop_tot","","","","","","","","","","","","","","","","","","","","","","","","","","","","","","","","","","","","","","","","","","","","","","","","","","","","","","","","","","","","","","","","","","",
"Bahamas, The","BHS","Coverage of social safety net programs (% of population)","per_sa_allsa.cov_pop_tot","","","","","","","","","","","","","","","","","","","","","","","","","","","","","","","","","","","","","","","","","","","","","","","","","","","","","","","","","","","","","","","","","","",
"Bosnia and Herzegovina","BIH","Coverage of social safety net programs (% of population)","per_sa_allsa.cov_pop_tot","","","","","","","","","","","","","","","","","","","","","","","","","","","","","","","","","","","","","","","","","","","","","","","","23.827919235533","","","","","","","","17.4174960361708","","","","","","","","","","",
"Belarus","BLR","Coverage of social safety net programs (% of population)","per_sa_allsa.cov_pop_tot","","","","","","","","","","","","","","","","","","","","","","","","","","","","","","","","","","","","","","","","","","","","","","","","","59.9474271689942","58.5518683391892","58.2790971051336","","57.3047793751996","54.099109212057","55.2386090565848","52.7001990922868","54.081262435566","53.6645493529502","49.1764356388027","47.218660411505","","","","","","",
"Belize","BLZ","Coverage of social safety net programs (% of population)","per_sa_allsa.cov_pop_tot","","","","","","","","","","","","","","","","","","","","","","","","","","","","","","","","","","","","","","","","","","","","","","","","","","16.2732163265628","","","","","","","","","","","","","","","","",
"Bermuda","BMU","Coverage of social safety net programs (% of population)","per_sa_allsa.cov_pop_tot","","","","","","","","","","","","","","","","","","","","","","","","","","","","","","","","","","","","","","","","","","","","","","","","","","","","","","","","","","","","","","","","","","",
"Bolivia","BOL","Coverage of social safety net programs (% of population)","per_sa_allsa.cov_pop_tot","","","","","","","","","","","","","","","","","","","","","","","","","","","","","","","","","","","","","","","","","","","","","","","11.6657511523303","54.5885140249058","71.4228854323372","77.9402584788398","","74.7325146977656","75.1825403357811","","77.4526184461364","75.4340692818318","77.5747876921015","77.0093447612924","77.2767453213765","77.2150428325514","97.8540207407549","96.8010516684331","","","","",
"Brazil","BRA","Coverage of social safety net programs (% of population)","per_sa_allsa.cov_pop_tot","","","","","","","","","","","","","","","","","","","","","","","","","","","","","","","","","","","","","","","","","","","","","","","25.288418013529","","","17.5605859414405","","18.6521436332286","19.5278768064906","","","23.7161630091311","23.197618002797","22.1222739939356","22.2433931955255","21.9995809670906","51.6526428031477","29.7103635105126","28.0984079398306","","","",
"Barbados","BRB","Coverage of social safety net programs (% of population)","per_sa_allsa.cov_pop_tot","","","","","","","","","","","","","","","","","","","","","","","","","","","","","","","","","","","","","","","","","","","","","","","","","","","","","","","","","","","","","","","","","","",
"Brunei Darussalam","BRN","Coverage of social safety net programs (% of population)","per_sa_allsa.cov_pop_tot","","","","","","","","","","","","","","","","","","","","","","","","","","","","","","","","","","","","","","","","","","","","","","","","","","","","","","","","","","","","","","","","","","",
"Bhutan","BTN","Coverage of social safety net programs (% of population)","per_sa_allsa.cov_pop_tot","","","","","","","","","","","","","","","","","","","","","","","","","","","","","","","","","","","","","","","","","","","","","","","","1.01001596031704","","","","","2.25194620748294","","","","","1.98006678328643","","","","","7.23476616584018","","","",
"Botswana","BWA","Coverage of social safety net programs (% of population)","per_sa_allsa.cov_pop_tot","","","","","","","","","","","","","","","","","","","","","","","","","","","","","","","","","","","","","","","","","","","","","","","","","","73.7742720372755","","","","","","52.1948478539349","","","","","","","","","","",
"Central African Republic","CAF","Coverage of social safety net programs (% of population)","per_sa_allsa.cov_pop_tot","","","","","","","","","","","","","","","","","","","","","","","","","","","","","","","","","","","","","","","","","","","","","","","","","","","","","","","","","","","","","","","","","","",
"Canada","CAN","Coverage of social safety net programs (% of population)","per_sa_allsa.cov_pop_tot","","","","","","","","","","","","","","","","","","","","","","","","","","","","","","","","","","","","","","","","","","","","","","","","","","","","","","","","","","","","","","","","","","",
"Central Europe and the Baltics","CEB","Coverage of social safety net programs (% of population)","per_sa_allsa.cov_pop_tot","","","","","","","","","","","","","","","","","","","","","","","","","","","","","","","","","","","","","","","","","","","","","","","","","","","","","","","","","","","","","","","","","","",
"Switzerland","CHE","Coverage of social safety net programs (% of population)","per_sa_allsa.cov_pop_tot","","","","","","","","","","","","","","","","","","","","","","","","","","","","","","","","","","","","","","","","","","","","","","","","","","","","","","","","","","","","","","","","","","",
"Channel Islands","CHI","Coverage of social safety net programs (% of population)","per_sa_allsa.cov_pop_tot","","","","","","","","","","","","","","","","","","","","","","","","","","","","","","","","","","","","","","","","","","","","","","","","","","","","","","","","","","","","","","","","","","",
"Chile","CHL","Coverage of social safety net programs (% of population)","per_sa_allsa.cov_pop_tot","","","","","","","","","","","","","","","","","","","","","","","","","","","","","","","","","","","","","","","","","","","","","","","76.9437663279945","","","77.8965445856446","","77.4260228341055","","74.694856872117","","71.5624227433859","","82.6494059814729","","","63.4004438871983","","78.2201503632002","","","",
"China","CHN","Coverage of social safety net programs (% of population)","per_sa_allsa.cov_pop_tot","","","","","","","","","","","","","","","","","","","","","","","","","","","","","","","","","","","","","","","","","","","","","","","","","","","","","","43.8131763544363","","","","","","","","","","","","",
"Cote d'Ivoire","CIV","Coverage of social safety net programs (% of population)","per_sa_allsa.cov_pop_tot","","","","","","","","","","","","","","","","","","","","","","","","","","","","","","","","","","","","","","","","","","","5.77505727753529","","","","","","26.7184268346976","","","","","","","27.2292632853045","","","5.40593351859587","","","3.99688868115482","","","","",
"Cameroon","CMR","Coverage of social safety net programs (% of population)","per_sa_allsa.cov_pop_tot","","","","","","","","","","","","","","","","","","","","","","","","","","","","","","","","","","","","","","","","","","","","","","","","1.36521677867989","","","","","","","0.874446502946141","","","","","","","7.44930755784526","","","","",
"Congo, Dem. Rep.","COD","Coverage of social safety net programs (% of population)","per_sa_allsa.cov_pop_tot","","","","","","","","","","","","","","","","","","","","","","","","","","","","","","","","","","","","","","","","","","","","","","","","","","","","","9.99040156967362","","","","","","","","","","","","","",
"Congo, Rep.","COG","Coverage of social safety net programs (% of population)","per_sa_allsa.cov_pop_tot","","","","","","","","","","","","","","","","","","","","","","","","","","","","","","","","","","","","","","","","","","","","","","","","","","","","","","","","","","","","","","","","","","",
"Colombia","COL","Coverage of social safety net programs (% of population)","per_sa_allsa.cov_pop_tot","","","","","","","","","","","","","","","","","","","","","","","","","","","","","","","","","","","","","","","","","","","","","","","","","","","44.7968122248612","43.9866328032433","41.7056987751038","","59.250742181647","26.3535106194365","24.3773118047731","23.7217173099553","22.3163523007946","21.2909789906568","20.9083778550173","32.2661232652766","31.4079236051799","","","",
"Comoros","COM","Coverage of social safety net programs (% of population)","per_sa_allsa.cov_pop_tot","","","","","","","","","","","","","","","","","","","","","","","","","","","","","","","","","","","","","","","","","","","","","","","","","","","","","","","","","","","","","4.86483704676992","","","","","",
"Cabo Verde","CPV","Coverage of social safety net programs (% of population)","per_sa_allsa.cov_pop_tot","","","","","","","","","","","","","","","","","","","","","","","","","","","","","","","","","","","","","","","","","","","","","","","","21.8664106522816","","","","","","","","","","","","","","","","","","",
"Costa Rica","CRI","Coverage of social safety net programs (% of population)","per_sa_allsa.cov_pop_tot","","","","","","","","","","","","","","","","","","","","","","","","","","","","","","","","","","","","","","","","","","","","","","","","","54.2578597030815","52.6041339797574","48.8093800599775","48.7795165285577","47.4608269764962","","45.8502909788971","52.7024792942151","54.1809681455034","54.3479724836928","54.8542694566467","54.1797879803184","68.8790668765438","49.9254895602865","49.1380857805199","","","",
"Caribbean small states","CSS","Coverage of social safety net programs (% of population)","per_sa_allsa.cov_pop_tot","","","","","","","","","","","","","","","","","","","","","","","","","","","","","","","","","","","","","","","","","","","","","","","","","","","","","","","","","","","","","","","","","","",
"Cuba","CUB","Coverage of social safety net programs (% of population)","per_sa_allsa.cov_pop_tot","","","","","","","","","","","","","","","","","","","","","","","","","","","","","","","","","","","","","","","","","","","","","","","","","","","","","","","","","","","","","","","","","","",
"Curacao","CUW","Coverage of social safety net programs (% of population)","per_sa_allsa.cov_pop_tot","","","","","","","","","","","","","","","","","","","","","","","","","","","","","","","","","","","","","","","","","","","","","","","","","","","","","","","","","","","","","","","","","","",
"Cayman Islands","CYM","Coverage of social safety net programs (% of population)","per_sa_allsa.cov_pop_tot","","","","","","","","","","","","","","","","","","","","","","","","","","","","","","","","","","","","","","","","","","","","","","","","","","","","","","","","","","","","","","","","","","",
"Cyprus","CYP","Coverage of social safety net programs (% of population)","per_sa_allsa.cov_pop_tot","","","","","","","","","","","","","","","","","","","","","","","","","","","","","","","","","","","","","","","","","","","","","","","","","","","","","","","","","","","","","","","","","","",
"Czechia","CZE","Coverage of social safety net programs (% of population)","per_sa_allsa.cov_pop_tot","","","","","","","","","","","","","","","","","","","","","","","","","","","","","","","","","","","","","","","","","","","","","","","","","","","","","","","","","","","","","","","","","","",
"Germany","DEU","Coverage of social safety net programs (% of population)","per_sa_allsa.cov_pop_tot","","","","","","","","","","","","","","","","","","","","","","","","","","","","","","","","","","","","","","","","","","","","","","","","","","","","","","","","","","","","","","","","","","",
"Djibouti","DJI","Coverage of social safety net programs (% of population)","per_sa_allsa.cov_pop_tot","","","","","","","","","","","","","","","","","","","","","","","","","","","","","","","","","","","","","","","","","","","2.8197486912029","","","","","","","","","","9.52545220283742","","","","","","","","","","","","","",
"Dominica","DMA","Coverage of social safety net programs (% of population)","per_sa_allsa.cov_pop_tot","","","","","","","","","","","","","","","","","","","","","","","","","","","","","","","","","","","","","","","","","","","","","","","","","","","","","","","","","","","","","","","","","","",
"Denmark","DNK","Coverage of social safety net programs (% of population)","per_sa_allsa.cov_pop_tot","","","","","","","","","","","","","","","","","","","","","","","","","","","","","","","","","","","","","","","","","","","","","","","","","","","","","","","","","","","","","","","","","","",
"Dominican Republic","DOM","Coverage of social safety net programs (% of population)","per_sa_allsa.cov_pop_tot","","","","","","","","","","","","","","","","","","","","","","","","","","","","","","","","","","","","","","","","","","","","","","","","10.4104816068885","19.1376780679207","25.4909171292847","28.3734085500666","26.5806441853899","31.4978239280667","28.7699588309207","29.9558549000357","26.2119350675705","55.1851863227786","49.6202887574402","49.9193937263308","45.5282474154365","","47.8976522748508","","","","",
"Algeria","DZA","Coverage of social safety net programs (% of population)","per_sa_allsa.cov_pop_tot","","","","","","","","","","","","","","","","","","","","","","","","","","","","","","","","","","","","","","","","","","","","","","","","","","","","","","","","","","","","","","","","","","",
"East Asia & Pacific (excluding high income)","EAP","Coverage of social safety net programs (% of population)","per_sa_allsa.cov_pop_tot","","","","","","","","","","","","","","","","","","","","","","","","","","","","","","","","","","","","","","","","","","","","","","","","","","","","","","","","","","","","","","","","","","",
"Early-demographic dividend","EAR","Coverage of social safety net programs (% of population)","per_sa_allsa.cov_pop_tot","","","","","","","","","","","","","","","","","","","","","","","","","","","","","","","","","","","","","","","","","","","","","","","","","","","","","","","","","","","","","","","","","","",
"East Asia & Pacific","EAS","Coverage of social safety net programs (% of population)","per_sa_allsa.cov_pop_tot","","","","","","","","","","","","","","","","","","","","","","","","","","","","","","","","","","","","","","","","","","","","","","","","","","","","","","","","","","","","","","","","","","",
"Europe & Central Asia (excluding high income)","ECA","Coverage of social safety net programs (% of population)","per_sa_allsa.cov_pop_tot","","","","","","","","","","","","","","","","","","","","","","","","","","","","","","","","","","","","","","","","","","","","","","","","","","","","","","","","","","","","","","","","","","",
"Europe & Central Asia","ECS","Coverage of social safety net programs (% of population)","per_sa_allsa.cov_pop_tot","","","","","","","","","","","","","","","","","","","","","","","","","","","","","","","","","","","","","","","","","","","","","","","","","","","","","","","","","","","","","","","","","","",
"Ecuador","ECU","Coverage of social safety net programs (% of population)","per_sa_allsa.cov_pop_tot","","","","","","","","","","","","","","","","","","","","","","","","","","","","","","","","","","","","","","","","","","","","","","","","","57.8763073709777","","64.6891778778632","37.4734223102482","67.9883453397581","","71.3297808909971","69.2620458984933","68.4323869351587","68.543057871561","19.9788220925624","20.7414431458386","35.180797160643","32.9669592810982","28.1294719605572","","","",
"Egypt, Arab Rep.","EGY","Coverage of social safety net programs (% of population)","per_sa_allsa.cov_pop_tot","","","","","","","","","","","","","","","","","","","","","","","","","","","","","","","","","","","","","","","","","","","","","","","","","44.8778073382158","","","","","","","","","92.2000098301065","","87.78427943899","","","","","","",
"Euro area","EMU","Coverage of social safety net programs (% of population)","per_sa_allsa.cov_pop_tot","","","","","","","","","","","","","","","","","","","","","","","","","","","","","","","","","","","","","","","","","","","","","","","","","","","","","","","","","","","","","","","","","","",
"Eritrea","ERI","Coverage of social safety net programs (% of population)","per_sa_allsa.cov_pop_tot","","","","","","","","","","","","","","","","","","","","","","","","","","","","","","","","","","","","","","","","","","","","","","","","","","","","","","","","","","","","","","","","","","",
"Spain","ESP","Coverage of social safety net programs (% of population)","per_sa_allsa.cov_pop_tot","","","","","","","","","","","","","","","","","","","","","","","","","","","","","","","","","","","","","","","","","","","","","","","","","","","","","","","","","","","","","","","","","","",
"Estonia","EST","Coverage of social safety net programs (% of population)","per_sa_allsa.cov_pop_tot","","","","","","","","","","","","","","","","","","","","","","","","","","","","","","","","","","","","","","","","","","","","","","","","","","","","","","","","","","","","","","","","","","",
"Ethiopia","ETH","Coverage of social safety net programs (% of population)","per_sa_allsa.cov_pop_tot","","","","","","","","","","","","","","","","","","","","","","","","","","","","","","","","","","","","","","","","","","","","","0.514473589852514","","","","","","13.2479485078869","","","","","21.1034818238013","","","21.0904439387474","","","","","","","",
"European Union","EUU","Coverage of social safety net programs (% of population)","per_sa_allsa.cov_pop_tot","","","","","","","","","","","","","","","","","","","","","","","","","","","","","","","","","","","","","","","","","","","","","","","","","","","","","","","","","","","","","","","","","","",
"Fragile and conflict affected situations","FCS","Coverage of social safety net programs (% of population)","per_sa_allsa.cov_pop_tot","","","","","","","","","","","","","","","","","","","","","","","","","","","","","","","","","","","","","","","","","","","","","","","","","","","","","","","","","","","","","","","","","","",
"Finland","FIN","Coverage of social safety net programs (% of population)","per_sa_allsa.cov_pop_tot","","","","","","","","","","","","","","","","","","","","","","","","","","","","","","","","","","","","","","","","","","","","","","","","","","","","","","","","","","","","","","","","","","",
"Fiji","FJI","Coverage of social safety net programs (% of population)","per_sa_allsa.cov_pop_tot","","","","","","","","","","","","","","","","","","","","","","","","","","","","","","","","","","","","","","","","","","","","","","","","","9.55238927064364","","","","","30.32745901683","","","","","","","","","","","","",
"France","FRA","Coverage of social safety net programs (% of population)","per_sa_allsa.cov_pop_tot","","","","","","","","","","","","","","","","","","","","","","","","","","","","","","","","","","","","","","","","","","","","","","","","","","","","","","","","","","","","","","","","","","",
"Faroe Islands","FRO","Coverage of social safety net programs (% of population)","per_sa_allsa.cov_pop_tot","","","","","","","","","","","","","","","","","","","","","","","","","","","","","","","","","","","","","","","","","","","","","","","","","","","","","","","","","","","","","","","","","","",
"Micronesia, Fed. Sts.","FSM","Coverage of social safety net programs (% of population)","per_sa_allsa.cov_pop_tot","","","","","","","","","","","","","","","","","","","","","","","","","","","","","","","","","","","","","","","","","6.25432892601284","","","","","","","","","","","","","","","","","","","","","","","","","",
"Gabon","GAB","Coverage of social safety net programs (% of population)","per_sa_allsa.cov_pop_tot","","","","","","","","","","","","","","","","","","","","","","","","","","","","","","","","","","","","","","","","","","","","","","44.703767455839","","","","","","","","","","","","47.6381327122663","","","","","","","","",
"United Kingdom","GBR","Coverage of social safety net programs (% of population)","per_sa_allsa.cov_pop_tot","","","","","","","","","","","","","","","","","","","","","","","","","","","","","","","","","","","","","","","","","","","","","","","","","","","","","","","","","","","","","","","","","","",
"Georgia","GEO","Coverage of social safety net programs (% of population)","per_sa_allsa.cov_pop_tot","","","","","","","","","","","","","","","","","","","","","","","","","","","","","","","","","","","","","","","","","","","","","","","","","","","","64.6377798676727","60.4541123593355","60.7864321744285","61.4049480833852","60.7537900114025","64.2690441523421","61.7664001759272","63.5672886063494","64.7752545312504","64.7534105356064","65.973896344421","","","","",
"Ghana","GHA","Coverage of social safety net programs (% of population)","per_sa_allsa.cov_pop_tot","","","","","","","","","","","","","","","","","","","","","","","","","","","","","","","","","","","","","","","","","","","","","","","","","","","","","1.37697870145024","","","","19.0545338130343","","","","","","","","","",
"Gibraltar","GIB","Coverage of social safety net programs (% of population)","per_sa_allsa.cov_pop_tot","","","","","","","","","","","","","","","","","","","","","","","","","","","","","","","","","","","","","","","","","","","","","","","","","","","","","","","","","","","","","","","","","","",
"Guinea","GIN","Coverage of social safety net programs (% of population)","per_sa_allsa.cov_pop_tot","","","","","","","","","","","","","","","","","","","","","","","","","","","","","","","","","","","","","","","","","","","","","","","","","","","","","1.7142901320881","","","","","","7.97567800048938","","","","","","","",
"Gambia, The","GMB","Coverage of social safety net programs (% of population)","per_sa_allsa.cov_pop_tot","","","","","","","","","","","","","","","","","","","","","","","","","","","","","","","","","","","","","","","","","","","","","","","","","","","7.08215127207408","","","","","1.52959612278352","","","","","","","","","","",
"Guinea-Bissau","GNB","Coverage of social safety net programs (% of population)","per_sa_allsa.cov_pop_tot","","","","","","","","","","","","","","","","","","","","","","","","","","","","","","","","","","","","","","","","","","","","","","","","","","","","","","","","","","","21.1995899142683","","","19.5443551312741","","","","",
"Equatorial Guinea","GNQ","Coverage of social safety net programs (% of population)","per_sa_allsa.cov_pop_tot","","","","","","","","","","","","","","","","","","","","","","","","","","","","","","","","","","","","","","","","","","","","","","","","","","","","","","","","","","","","","","","","","","",
"Greece","GRC","Coverage of social safety net programs (% of population)","per_sa_allsa.cov_pop_tot","","","","","","","","","","","","","","","","","","","","","","","","","","","","","","","","","","","","","","","","","","","","","","","","","","","","","","","","","","","","","","","","","","",
"Grenada","GRD","Coverage of social safety net programs (% of population)","per_sa_allsa.cov_pop_tot","","","","","","","","","","","","","","","","","","","","","","","","","","","","","","","","","","","","","","","","","","","","","","","","","","","","","","","","","","","","","","","","","","",
"Greenland","GRL","Coverage of social safety net programs (% of population)","per_sa_allsa.cov_pop_tot","","","","","","","","","","","","","","","","","","","","","","","","","","","","","","","","","","","","","","","","","","","","","","","","","","","","","","","","","","","","","","","","","","",
"Guatemala","GTM","Coverage of social safety net programs (% of population)","per_sa_allsa.cov_pop_tot","","","","","","","","","","","","","","","","","","","","","","","","","","","","","","","","","","","","","","","","","","","","","","","47.1112885017095","","","","","61.0949464800365","","","59.1131857536847","","","","","","","","","","","",
"Guam","GUM","Coverage of social safety net programs (% of population)","per_sa_allsa.cov_pop_tot","","","","","","","","","","","","","","","","","","","","","","","","","","","","","","","","","","","","","","","","","","","","","","","","","","","","","","","","","","","","","","","","","","",
"Guyana","GUY","Coverage of social safety net programs (% of population)","per_sa_allsa.cov_pop_tot","","","","","","","","","","","","","","","","","","","","","","","","","","","","","","","","","","","","","","","","","","","","","","","","","","","","","","","","","","","","","","","","","","",
"High income","HIC","Coverage of social safety net programs (% of population)","per_sa_allsa.cov_pop_tot","","","","","","","","","","","","","","","","","","","","","","","","","","","","","","","","","","","","","","","","","","","","","","","","","","","","","","","","","","","","","","","","","","",
"Hong Kong SAR, China","HKG","Coverage of social safety net programs (% of population)","per_sa_allsa.cov_pop_tot","","","","","","","","","","","","","","","","","","","","","","","","","","","","","","","","","","","","","","","","","","","","","","","","","","","","","","","","","","","","","","","","","","",
"Honduras","HND","Coverage of social safety net programs (% of population)","per_sa_allsa.cov_pop_tot","","","","","","","","","","","","","","","","","","","","","","","","","","","","","","","","","","","","","","","","","","","","","","","","","49.848261427581","49.0048182774545","51.238232555145","49.1593196550259","","54.2167610960566","","43.9853883137334","33.1488007222732","40.9029634013282","34.0632053255703","29.2803554912423","","","","","","",
"Heavily indebted poor countries (HIPC)","HPC","Coverage of social safety net programs (% of population)","per_sa_allsa.cov_pop_tot","","","","","","","","","","","","","","","","","","","","","","","","","","","","","","","","","","","","","","","","","","","","","","","","","","","","","","","","","","","","","","","","","","",
"Croatia","HRV","Coverage of social safety net programs (% of population)","per_sa_allsa.cov_pop_tot","","","","","","","","","","","","","","","","","","","","","","","","","","","","","","","","","","","","","","","","","","","","","","","","","23.3113429981754","","24.569462541706","20.5409412384033","","","27.498722076416","","","","","","","","","","","",
"Haiti","HTI","Coverage of social safety net programs (% of population)","per_sa_allsa.cov_pop_tot","","","","","","","","","","","","","","","","","","","","","","","","","","","","","","","","","","","","","","","","","","","","","","","","","","","","","19.1282607071096","","","","","","","","","","","","","",
"Hungary","HUN","Coverage of social safety net programs (% of population)","per_sa_allsa.cov_pop_tot","","","","","","","","","","","","","","","","","","","","","","","","","","","","","","","","","","","","","","","","","","","","","","","","59.5397542205212","","","","","","","","","","","","","","","","","","",
"IBRD only","IBD","Coverage of social safety net programs (% of population)","per_sa_allsa.cov_pop_tot","","","","","","","","","","","","","","","","","","","","","","","","","","","","","","","","","","","","","","","","","","","","","","","","","","","","","","","","","","","","","","","","","","",
"IDA & IBRD total","IBT","Coverage of social safety net programs (% of population)","per_sa_allsa.cov_pop_tot","","","","","","","","","","","","","","","","","","","","","","","","","","","","","","","","","","","","","","","","","","","","","","","","","","","","","","","","","","","","","","","","","","",
"IDA total","IDA","Coverage of social safety net programs (% of population)","per_sa_allsa.cov_pop_tot","","","","","","","","","","","","","","","","","","","","","","","","","","","","","","","","","","","","","","","","","","","","","","","","","","","","","","","","","","","","","","","","","","",
"IDA blend","IDB","Coverage of social safety net programs (% of population)","per_sa_allsa.cov_pop_tot","","","","","","","","","","","","","","","","","","","","","","","","","","","","","","","","","","","","","","","","","","","","","","","","","","","","","","","","","","","","","","","","","","",
"Indonesia","IDN","Coverage of social safety net programs (% of population)","per_sa_allsa.cov_pop_tot","","","","","","","","","","","","","","","","","","","","","","","","","","","","","","","","","","","","","","","","","","","","","","","","","","40.9448636667189","","51.2825968931342","53.7937910100231","","57.1962040876815","48.740227165522","49.026995896947","42.4244176702129","43.6509442564514","31.0202711820953","26.6600718179868","43.8656004035671","54.55520724549","","","",
"IDA only","IDX","Coverage of social safety net programs (% of population)","per_sa_allsa.cov_pop_tot","","","","","","","","","","","","","","","","","","","","","","","","","","","","","","","","","","","","","","","","","","","","","","","","","","","","","","","","","","","","","","","","","","",
"Isle of Man","IMN","Coverage of social safety net programs (% of population)","per_sa_allsa.cov_pop_tot","","","","","","","","","","","","","","","","","","","","","","","","","","","","","","","","","","","","","","","","","","","","","","","","","","","","","","","","","","","","","","","","","","",
"India","IND","Coverage of social safety net programs (% of population)","per_sa_allsa.cov_pop_tot","","","","","","","","","","","","","","","","","","","","","","","","","","","","","","","","","","","","","","","","","","","","","24.0323020004099","","","","","17.2439169607131","","74.8956457605286","","","","","","","","","","","","","","",
"Not classified","INX","Coverage of social safety net programs (% of population)","per_sa_allsa.cov_pop_tot","","","","","","","","","","","","","","","","","","","","","","","","","","","","","","","","","","","","","","","","","","","","","","","","","","","","","","","","","","","","","","","","","","",
"Ireland","IRL","Coverage of social safety net programs (% of population)","per_sa_allsa.cov_pop_tot","","","","","","","","","","","","","","","","","","","","","","","","","","","","","","","","","","","","","","","","","","","","","","","","","","","","","","","","","","","","","","","","","","",
"Iran, Islamic Rep.","IRN","Coverage of social safety net programs (% of population)","per_sa_allsa.cov_pop_tot","","","","","","","","","","","","","","","","","","","","","","","","","","","","","","","","","","","","","","","","","","","","","","","","","","","","","","","","","","91.4170356012358","90.7291442335524","90.6599360096382","89.875415722542","","","","","",
"Iraq","IRQ","Coverage of social safety net programs (% of population)","per_sa_allsa.cov_pop_tot","","","","","","","","","","","","","","","","","","","","","","","","","","","","","","","","","","","","","","","","","","","","","","","79.9748745821014","","","","","","75.7725532300539","","","","","","","","","","","","","",
"Iceland","ISL","Coverage of social safety net programs (% of population)","per_sa_allsa.cov_pop_tot","","","","","","","","","","","","","","","","","","","","","","","","","","","","","","","","","","","","","","","","","","","","","","","","","","","","","","","","","","","","","","","","","","",
"Israel","ISR","Coverage of social safety net programs (% of population)","per_sa_allsa.cov_pop_tot","","","","","","","","","","","","","","","","","","","","","","","","","","","","","","","","","","","","","","","","","","","","","","","","","","","","","","","","","","","","","","","","","","",
"Italy","ITA","Coverage of social safety net programs (% of population)","per_sa_allsa.cov_pop_tot","","","","","","","","","","","","","","","","","","","","","","","","","","","","","","","","","","","","","","","","","","","","","","","","","","","","","","","","","","","","","","","","","","",
"Jamaica","JAM","Coverage of social safety net programs (% of population)","per_sa_allsa.cov_pop_tot","","","","","","","","","","","","","","","","","","","","","","","","","","","","","","","","","","","","","","","","","","","26.3488326466549","","","","","","","","54.6549328392774","","","","","","","45.3803895958925","","","","","","","","",
"Jordan","JOR","Coverage of social safety net programs (% of population)","per_sa_allsa.cov_pop_tot","","","","","","","","","","","","","","","","","","","","","","","","","","","","","","","","","","","","","","","","","","","","","","","80.7190817459937","","","","65.6779726355497","","","","","","","","","","","","","","","",
"Japan","JPN","Coverage of social safety net programs (% of population)","per_sa_allsa.cov_pop_tot","","","","","","","","","","","","","","","","","","","","","","","","","","","","","","","","","","","","","","","","","","","","","","","","","","","","","","","","","","","","","","","","","","",
"Kazakhstan","KAZ","Coverage of social safety net programs (% of population)","per_sa_allsa.cov_pop_tot","","","","","","","","","","","","","","","","","","","","","","","","","","","","","","","","","","","","","","","","","","","","","","","","29.0908900051982","","","33.5863034954005","","","","66.095391869994","30.6208268158034","","24.7234703442978","22.9962985004497","24.1022249565452","31.1455370410225","27.6325373147884","","","","",
"Kenya","KEN","Coverage of social safety net programs (% of population)","per_sa_allsa.cov_pop_tot","","","","","","","","","","","","","","","","","","","","","","","","","","","","","","","","","","","","","","","","","","","","","","20.0235452449627","","","","","","","","","","26.4412418205937","","","","","","","","","","",
"Kyrgyz Republic","KGZ","Coverage of social safety net programs (% of population)","per_sa_allsa.cov_pop_tot","","","","","","","","","","","","","","","","","","","","","","","","","","","","","","","","","","","","","","","","","","","","","","","8.11490654681952","","","","","8.47451559559973","7.29996651968139","7.17786188086409","8.89139777675324","8.82841019115585","10.0940302432655","10.1638668165255","10.1095426257675","10.6172086816066","9.88449404012309","","","","","",
"Cambodia","KHM","Coverage of social safety net programs (% of population)","per_sa_allsa.cov_pop_tot","","","","","","","","","","","","","","","","","","","","","","","","","","","","","","","","","","","","","","","","","","","","","","","","","","","","","","","","","","","","","","","","","","",
"Kiribati","KIR","Coverage of social safety net programs (% of population)","per_sa_allsa.cov_pop_tot","","","","","","","","","","","","","","","","","","","","","","","","","","","","","","","","","","","","","","","","","","","","","","","","","","","","","","","","","","","","16.5636663234903","","","","","","",
"St. Kitts and Nevis","KNA","Coverage of social safety net programs (% of population)","per_sa_allsa.cov_pop_tot","","","","","","","","","","","","","","","","","","","","","","","","","","","","","","","","","","","","","","","","","","","","","","","","","","","","","","","","","","","","","","","","","","",
"Korea, Rep.","KOR","Coverage of social safety net programs (% of population)","per_sa_allsa.cov_pop_tot","","","","","","","","","","","","","","","","","","","","","","","","","","","","","","","","","","","","","","","","","","","","","","","","","","","","","","","","","","","","","","","","","","",
"Kuwait","KWT","Coverage of social safety net programs (% of population)","per_sa_allsa.cov_pop_tot","","","","","","","","","","","","","","","","","","","","","","","","","","","","","","","","","","","","","","","","","","","","","","","","","","","","","","","","","","","","","","","","","","",
"Latin America & Caribbean (excluding high income)","LAC","Coverage of social safety net programs (% of population)","per_sa_allsa.cov_pop_tot","","","","","","","","","","","","","","","","","","","","","","","","","","","","","","","","","","","","","","","","","","","","","","","","","","","","","","","","","","","","","","","","","","",
"Lao PDR","LAO","Coverage of social safety net programs (% of population)","per_sa_allsa.cov_pop_tot","","","","","","","","","","","","","","","","","","","","","","","","","","","","","","","","","","","","","","","","","","","","","","","","","","","","","","","","","","","","","","","","","","",
"Lebanon","LBN","Coverage of social safety net programs (% of population)","per_sa_allsa.cov_pop_tot","","","","","","","","","","","","","","","","","","","","","","","","","","","","","","","","","","","","","","","","","","","","","4.83322017658811","","","","","","","","","","","","","","","","","","","","","",
"Liberia","LBR","Coverage of social safety net programs (% of population)","per_sa_allsa.cov_pop_tot","","","","","","","","","","","","","","","","","","","","","","","","","","","","","","","","","","","","","","","","","","","","","","","","30.470147648886","","","","","","","6.29201065037843","","12.690767930701","","","","","","","","","",
"Libya","LBY","Coverage of social safety net programs (% of population)","per_sa_allsa.cov_pop_tot","","","","","","","","","","","","","","","","","","","","","","","","","","","","","","","","","","","","","","","","","","","","","","","","","","","","","","","","","","","","","","","","","","",
"St. Lucia","LCA","Coverage of social safety net programs (% of population)","per_sa_allsa.cov_pop_tot","","","","","","","","","","","","","","","","","","","","","","","","","","","","","","","","","","","","","","","","","","","","","","","","","","","","","","","","","","","","","","","","","","",
"Latin America & Caribbean","LCN","Coverage of social safety net programs (% of population)","per_sa_allsa.cov_pop_tot","","","","","","","","","","","","","","","","","","","","","","","","","","","","","","","","","","","","","","","","","","","","","","","","","","","","","","","","","","","","","","","","","","",
"Least developed countries: UN classification","LDC","Coverage of social safety net programs (% of population)","per_sa_allsa.cov_pop_tot","","","","","","","","","","","","","","","","","","","","","","","","","","","","","","","","","","","","","","","","","","","","","","","","","","","","","","","","","","","","","","","","","","",
"Low income","LIC","Coverage of social safety net programs (% of population)","per_sa_allsa.cov_pop_tot","","","","","","","","","","","","","","","","","","","","","","","","","","","","","","","","","","","","","","","","","","","","","","","","","","","","","","","","","","","","","","","","","","",
"Liechtenstein","LIE","Coverage of social safety net programs (% of population)","per_sa_allsa.cov_pop_tot","","","","","","","","","","","","","","","","","","","","","","","","","","","","","","","","","","","","","","","","","","","","","","","","","","","","","","","","","","","","","","","","","","",
"Sri Lanka","LKA","Coverage of social safety net programs (% of population)","per_sa_allsa.cov_pop_tot","","","","","","","","","","","","","","","","","","","","","","","","","","","","","","","","","","","","","","","","","","","","","","","29.6536252305913","","","23.6475675096054","","","26.1869371395065","","","","28.1265527534856","","","29.9857522839449","","","","","","",
"Lower middle income","LMC","Coverage of social safety net programs (% of population)","per_sa_allsa.cov_pop_tot","","","","","","","","","","","","","","","","","","","","","","","","","","","","","","","","","","","","","","","","","","","","","","","","","","","","","","","","","","","","","","","","","","",
"Low & middle income","LMY","Coverage of social safety net programs (% of population)","per_sa_allsa.cov_pop_tot","","","","","","","","","","","","","","","","","","","","","","","","","","","","","","","","","","","","","","","","","","","","","","","","","","","","","","","","","","","","","","","","","","",
"Lesotho","LSO","Coverage of social safety net programs (% of population)","per_sa_allsa.cov_pop_tot","","","","","","","","","","","","","","","","","","","","","","","","","","","","","","","","","","","","","","","","","","","","","","","","","","","6.3226136079387","","","","","","","73.6215613564222","","","","","","","","",
"Late-demographic dividend","LTE","Coverage of social safety net programs (% of population)","per_sa_allsa.cov_pop_tot","","","","","","","","","","","","","","","","","","","","","","","","","","","","","","","","","","","","","","","","","","","","","","","","","","","","","","","","","","","","","","","","","","",
"Lithuania","LTU","Coverage of social safety net programs (% of population)","per_sa_allsa.cov_pop_tot","","","","","","","","","","","","","","","","","","","","","","","","","","","","","","","","","","","","","","","","","","","","","","","","","58.671340666508","","","","","","","","","","","","","","","","","",
"Luxembourg","LUX","Coverage of social safety net programs (% of population)","per_sa_allsa.cov_pop_tot","","","","","","","","","","","","","","","","","","","","","","","","","","","","","","","","","","","","","","","","","","","","","","","","","","","","","","","","","","","","","","","","","","",
"Latvia","LVA","Coverage of social safety net programs (% of population)","per_sa_allsa.cov_pop_tot","","","","","","","","","","","","","","","","","","","","","","","","","","","","","","","","","","","","","","","","","","","","","","","","","38.9689555307382","50.8114597223722","","","","","","","","","","","","","","","","",
"Macao SAR, China","MAC","Coverage of social safety net programs (% of population)","per_sa_allsa.cov_pop_tot","","","","","","","","","","","","","","","","","","","","","","","","","","","","","","","","","","","","","","","","","","","","","","","","","","","","","","","","","","","","","","","","","","",
"St. Martin (French part)","MAF","Coverage of social safety net programs (% of population)","per_sa_allsa.cov_pop_tot","","","","","","","","","","","","","","","","","","","","","","","","","","","","","","","","","","","","","","","","","","","","","","","","","","","","","","","","","","","","","","","","","","",
"Morocco","MAR","Coverage of social safety net programs (% of population)","per_sa_allsa.cov_pop_tot","","","","","","","","","","","","","","","","","","","","","","","","","","","","","","","","","","","","","","","","","","","","","","","","","","36.5889383008233","","","","","","","","","","","","","","","","",
"Monaco","MCO","Coverage of social safety net programs (% of population)","per_sa_allsa.cov_pop_tot","","","","","","","","","","","","","","","","","","","","","","","","","","","","","","","","","","","","","","","","","","","","","","","","","","","","","","","","","","","","","","","","","","",
"Moldova","MDA","Coverage of social safety net programs (% of population)","per_sa_allsa.cov_pop_tot","","","","","","","","","","","","","","","","","","","","","","","","","","","","","","","","","","","","","","","","","","","","","","","","","","","33.7630868616354","","29.3429262701329","23.7920257292502","","","","33.3052266900681","32.740508016834","","","","","","","",
"Madagascar","MDG","Coverage of social safety net programs (% of population)","per_sa_allsa.cov_pop_tot","","","","","","","","","","","","","","","","","","","","","","","","","","","","","","","","","","","","","","","","","","","","","","","","","","","","","","","","","","","","","","","","","","",
"Maldives","MDV","Coverage of social safety net programs (% of population)","per_sa_allsa.cov_pop_tot","","","","","","","","","","","","","","","","","","","","","","","","","","","","","","","","","","","","","","","","","","","","","","","","","","26.6247210586213","","","","","","","24.5071414462831","","","25.5006143172074","","","","","","",
"Middle East, North Africa, Afghanistan & Pakistan","MEA","Coverage of social safety net programs (% of population)","per_sa_allsa.cov_pop_tot","","","","","","","","","","","","","","","","","","","","","","","","","","","","","","","","","","","","","","","","","","","","","","","","","","","","","","","","","","","","","","","","","","",
"Mexico","MEX","Coverage of social safety net programs (% of population)","per_sa_allsa.cov_pop_tot","","","","","","","","","","","","","","","","","","","","","","","","","","","","","","","","","","","","","","","","","","","","","","","","","15.6260035444029","","31.9919338109887","","37.0654296598188","","32.5553993270763","","43.1204772444749","","37.1650723813001","","37.5450873752437","","40.5689269211512","","","",
"Marshall Islands","MHL","Coverage of social safety net programs (% of population)","per_sa_allsa.cov_pop_tot","","","","","","","","","","","","","","","","","","","","","","","","","","","","","","","","","","","","","","","","","","","","","","","","","","","","","","","","","","","","14.8655196671385","","","","","","",
"Middle income","MIC","Coverage of social safety net programs (% of population)","per_sa_allsa.cov_pop_tot","","","","","","","","","","","","","","","","","","","","","","","","","","","","","","","","","","","","","","","","","","","","","","","","","","","","","","","","","","","","","","","","","","",
"North Macedonia","MKD","Coverage of social safety net programs (% of population)","per_sa_allsa.cov_pop_tot","","","","","","","","","","","","","","","","","","","","","","","","","","","","","","","","","","","","","","","","","","","","","","","","","","","","","","","","","","","","","","","","","","",
"Mali","MLI","Coverage of social safety net programs (% of population)","per_sa_allsa.cov_pop_tot","","","","","","","","","","","","","","","","","","","","","","","","","","","","","","","","","","","","","","","","","","","","","","","","","","","","","","","","","","","16.3386655568928","","","31.4097094972905","","","","",
"Malta","MLT","Coverage of social safety net programs (% of population)","per_sa_allsa.cov_pop_tot","","","","","","","","","","","","","","","","","","","","","","","","","","","","","","","","","","","","","","","","","","","","","","","","","","","","","","","","","","","","","","","","","","",
"Myanmar","MMR","Coverage of social safety net programs (% of population)","per_sa_allsa.cov_pop_tot","","","","","","","","","","","","","","","","","","","","","","","","","","","","","","","","","","","","","","","","","","","","","","","","","","","","","","","","","","8.77851801684011","","","","","","","","",
"Middle East, North Africa, Afghanistan & Pakistan (excluding high income)","MNA","Coverage of social safety net programs (% of population)","per_sa_allsa.cov_pop_tot","","","","","","","","","","","","","","","","","","","","","","","","","","","","","","","","","","","","","","","","","","","","","","","","","","","","","","","","","","","","","","","","","","",
"Montenegro","MNE","Coverage of social safety net programs (% of population)","per_sa_allsa.cov_pop_tot","","","","","","","","","","","","","","","","","","","","","","","","","","","","","","","","","","","","","","","","","","","","","","","","","","","","","8.56684572272818","10.4104706010522","8.07594138285643","","","","","","","","","","","",
"Mongolia","MNG","Coverage of social safety net programs (% of population)","per_sa_allsa.cov_pop_tot","","","","","","","","","","","","","","","","","","","","","","","","","","","","","","","","","","","","","","","","","","","","","","","","83.2392436026094","","83.8613796890878","94.702822776902","99.6837879565925","99.8305273090216","","85.7016718484343","","86.0264277785443","","86.9877035857281","","87.0954514566618","","","","","",
"Northern Mariana Islands","MNP","Coverage of social safety net programs (% of population)","per_sa_allsa.cov_pop_tot","","","","","","","","","","","","","","","","","","","","","","","","","","","","","","","","","","","","","","","","","","","","","","","","","","","","","","","","","","","","","","","","","","",
"Mozambique","MOZ","Coverage of social safety net programs (% of population)","per_sa_allsa.cov_pop_tot","","","","","","","","","","","","","","","","","","","","","","","","","","","","","","","","","","","","","","","","","","","","","","","","","5.17386062885989","","","","","","1.58029112385652","","","","","2.73799272204714","","","","","","",
"Mauritania","MRT","Coverage of social safety net programs (% of population)","per_sa_allsa.cov_pop_tot","","","","","","","","","","","","","","","","","","","","","","","","","","","","","","","","","","","","","","","","","","","","","","","","","33.5256583187534","","","","","","45.2155503310519","","","","","","","","","","","",
"Mauritius","MUS","Coverage of social safety net programs (% of population)","per_sa_allsa.cov_pop_tot","","","","","","","","","","","","","","","","","","","","","","","","","","","","","","","","","","","","","","","","","","","","","","","40.5669077506712","","","","","","44.8537051300491","","","","","50.3748455799656","","","","","","","","",
"Malawi","MWI","Coverage of social safety net programs (% of population)","per_sa_allsa.cov_pop_tot","","","","","","","","","","","","","","","","","","","","","","","","","","","","","","","","","","","","","","","","","","","","","50.7653846586051","","","","","","19.8008904357877","","","41.7401590493605","","","41.2191662742092","","","37.6817621554942","","","","","","",
"Malaysia","MYS","Coverage of social safety net programs (% of population)","per_sa_allsa.cov_pop_tot","","","","","","","","","","","","","","","","","","","","","","","","","","","","","","","","","","","","","","","","","","","","","","","","","82.8136852273062","","","","79.2238435610653","","88.8269899812365","","75.6441632124033","","","","","","","","","",
"North America","NAC","Coverage of social safety net programs (% of population)","per_sa_allsa.cov_pop_tot","","","","","","","","","","","","","","","","","","","","","","","","","","","","","","","","","","","","","","","","","","","","","","","","","","","","","","","","","","","","","","","","","","",
"Namibia","NAM","Coverage of social safety net programs (% of population)","per_sa_allsa.cov_pop_tot","","","","","","","","","","","","","","","","","","","","","","","","","","","","","","","","","","","","","","","","","","","","9.8409972573689","","","","","","15.1623367894847","","","","","","40.6440052982381","","","","","","","","","","",
"New Caledonia","NCL","Coverage of social safety net programs (% of population)","per_sa_allsa.cov_pop_tot","","","","","","","","","","","","","","","","","","","","","","","","","","","","","","","","","","","","","","","","","","","","","","","","","","","","","","","","","","","","","","","","","","",
"Niger","NER","Coverage of social safety net programs (% of population)","per_sa_allsa.cov_pop_tot","","","","","","","","","","","","","","","","","","","","","","","","","","","","","","","","","","","","","","","","","","","","","","","","","","","","2.73622202437838","","","20.1129917856119","","","","17.3896444639168","","","22.0019167585663","","","","",
"Nigeria","NGA","Coverage of social safety net programs (% of population)","per_sa_allsa.cov_pop_tot","","","","","","","","","","","","","","","","","","","","","","","","","","","","","","","","","","","","","","","","","","","","","","","","","","","1.4243613035353","","3.43726039761996","","","3.7642855236789","","","17.2951273909524","","","","","","","",
"Nicaragua","NIC","Coverage of social safety net programs (% of population)","per_sa_allsa.cov_pop_tot","","","","","","","","","","","","","","","","","","","","","","","","","","","","","","","","","","","","","","","","","","","","","","47.2476354855761","","","","39.6590056865025","","","","","59.7503018590647","","","","","","","","","","","",
"Netherlands","NLD","Coverage of social safety net programs (% of population)","per_sa_allsa.cov_pop_tot","","","","","","","","","","","","","","","","","","","","","","","","","","","","","","","","","","","","","","","","","","","","","","","","","","","","","","","","","","","","","","","","","","",
"Norway","NOR","Coverage of social safety net programs (% of population)","per_sa_allsa.cov_pop_tot","","","","","","","","","","","","","","","","","","","","","","","","","","","","","","","","","","","","","","","","","","","","","","","","","","","","","","","","","","","","","","","","","","",
"Nepal","NPL","Coverage of social safety net programs (% of population)","per_sa_allsa.cov_pop_tot","","","","","","","","","","","","","","","","","","","","","","","","","","","","","","","","","","","","","","","","","","","","","","","","","","","40.1376120426982","","","","","","","","","","","","","","","",
"Nauru","NRU","Coverage of social safety net programs (% of population)","per_sa_allsa.cov_pop_tot","","","","","","","","","","","","","","","","","","","","","","","","","","","","","","","","","","","","","","","","","","","","","","","","","","","","","","","","","","","","","","","","","","",
"New Zealand","NZL","Coverage of social safety net programs (% of population)","per_sa_allsa.cov_pop_tot","","","","","","","","","","","","","","","","","","","","","","","","","","","","","","","","","","","","","","","","","","","","","","","","","","","","","","","","","","","","","","","","","","",
"OECD members","OED","Coverage of social safety net programs (% of population)","per_sa_allsa.cov_pop_tot","","","","","","","","","","","","","","","","","","","","","","","","","","","","","","","","","","","","","","","","","","","","","","","","","","","","","","","","","","","","","","","","","","",
"Oman","OMN","Coverage of social safety net programs (% of population)","per_sa_allsa.cov_pop_tot","","","","","","","","","","","","","","","","","","","","","","","","","","","","","","","","","","","","","","","","","","","","","","","","","","","","","","","","","","","","","","","","","","",
"Other small states","OSS","Coverage of social safety net programs (% of population)","per_sa_allsa.cov_pop_tot","","","","","","","","","","","","","","","","","","","","","","","","","","","","","","","","","","","","","","","","","","","","","","","","","","","","","","","","","","","","","","","","","","",
"Pakistan","PAK","Coverage of social safety net programs (% of population)","per_sa_allsa.cov_pop_tot","","","","","","","","","","","","","","","","","","","","","","","","","","","","","","","","","","","","","","","","","","","","","","","","2.59801245177306","","12.2560756513894","","","","11.1955738186767","","10.3594673999368","","","10.2623860525065","","","","","","","",
"Panama","PAN","Coverage of social safety net programs (% of population)","per_sa_allsa.cov_pop_tot","","","","","","","","","","","","","","","","","","","","","","","","","","","","","","","","","","","","","","","","","","","","","","","","","52.0211903827424","51.7934452806113","51.9394645677004","48.3963955790775","52.3662501274071","53.9405436996159","51.1166109929222","63.818975618655","64.3412494079432","62.7475254783358","65.9934557971633","66.1447641344298","","78.7550702338445","","64.5439943280713","","",
"Peru","PER","Coverage of social safety net programs (% of population)","per_sa_allsa.cov_pop_tot","","","","","","","","","","","","","","","","","","","","","","","","","","","","","","","","","","","","","","","","","","","","","","","","","43.5448220594717","56.9658160906694","60.7628915710888","58.3623870038095","86.6439677654032","54.3350752522961","56.0976151478609","57.8251299903661","56.9924638885675","57.8705404505725","59.2836704814092","59.2740477116965","75.0348278023019","87.4816660984928","79.8386998661507","","","",
"Philippines","PHL","Coverage of social safety net programs (% of population)","per_sa_allsa.cov_pop_tot","","","","","","","","","","","","","","","","","","","","","","","","","","","","","","","","","","","","","","","","","","","","","","","","","","","","","","27.3544648780845","","33.8304086704275","","","34.8885454228766","","","","","","","",
"Palau","PLW","Coverage of social safety net programs (% of population)","per_sa_allsa.cov_pop_tot","","","","","","","","","","","","","","","","","","","","","","","","","","","","","","","","","","","","","","","","","","","","","","","","","","","","","","","","","","","","","","","","","","",
"Papua New Guinea","PNG","Coverage of social safety net programs (% of population)","per_sa_allsa.cov_pop_tot","","","","","","","","","","","","","","","","","","","","","","","","","","","","","","","","","","","","","","","","","","","","","","","","","","3.35500495962484","","","","","","","","","","","","","","","","",
"Poland","POL","Coverage of social safety net programs (% of population)","per_sa_allsa.cov_pop_tot","","","","","","","","","","","","","","","","","","","","","","","","","","","","","","","","","","","","","","","","","","","","","","50.5828005586486","49.3276904476568","47.585585412013","43.2923353549888","41.0896529143372","39.5537703911391","39.334742087465","38.7530541376192","","","31.3495918778665","31.0617314743727","36.200698792506","","53.2590881500224","","","","","","",
"Pre-demographic dividend","PRE","Coverage of social safety net programs (% of population)","per_sa_allsa.cov_pop_tot","","","","","","","","","","","","","","","","","","","","","","","","","","","","","","","","","","","","","","","","","","","","","","","","","","","","","","","","","","","","","","","","","","",
"Puerto Rico (US)","PRI","Coverage of social safety net programs (% of population)","per_sa_allsa.cov_pop_tot","","","","","","","","","","","","","","","","","","","","","","","","","","","","","","","","","","","","","","","","","","","","","","","","","","","","","","","","","","","","","","","","","","",
"Korea, Dem. People's Rep.","PRK","Coverage of social safety net programs (% of population)","per_sa_allsa.cov_pop_tot","","","","","","","","","","","","","","","","","","","","","","","","","","","","","","","","","","","","","","","","","","","","","","","","","","","","","","","","","","","","","","","","","","",
"Portugal","PRT","Coverage of social safety net programs (% of population)","per_sa_allsa.cov_pop_tot","","","","","","","","","","","","","","","","","","","","","","","","","","","","","","","","","","","","","","","","","","","","","","","","","","","","","","","","","","","","","","","","","","",
"Paraguay","PRY","Coverage of social safety net programs (% of population)","per_sa_allsa.cov_pop_tot","","","","","","","","","","","","","","","","","","","","","","","","","","","","","","","","","","","","","","","","","","","","","","","","32.7242150398858","38.9479417454274","39.8543002496647","49.7255812304964","47.7547833419534","61.985953497636","59.9110916446565","58.4356008084822","63.3050749314749","63.371590591193","64.7301049071822","65.0631405280939","65.6295138239842","76.5413496253069","55.1829424385138","50.0935755277455","","","",
"West Bank and Gaza","PSE","Coverage of social safety net programs (% of population)","per_sa_allsa.cov_pop_tot","","","","","","","","","","","","","","","","","","","","","","","","","","","","","","","","","","","","","","","","","","","","","","","","11.4896494813472","","10.7172613483209","","","","","","","21.1831366766673","","","","","","","","","",
"Pacific island small states","PSS","Coverage of social safety net programs (% of population)","per_sa_allsa.cov_pop_tot","","","","","","","","","","","","","","","","","","","","","","","","","","","","","","","","","","","","","","","","","","","","","","","","","","","","","","","","","","","","","","","","","","",
"Post-demographic dividend","PST","Coverage of social safety net programs (% of population)","per_sa_allsa.cov_pop_tot","","","","","","","","","","","","","","","","","","","","","","","","","","","","","","","","","","","","","","","","","","","","","","","","","","","","","","","","","","","","","","","","","","",
"French Polynesia","PYF","Coverage of social safety net programs (% of population)","per_sa_allsa.cov_pop_tot","","","","","","","","","","","","","","","","","","","","","","","","","","","","","","","","","","","","","","","","","","","","","","","","","","","","","","","","","","","","","","","","","","",
"Qatar","QAT","Coverage of social safety net programs (% of population)","per_sa_allsa.cov_pop_tot","","","","","","","","","","","","","","","","","","","","","","","","","","","","","","","","","","","","","","","","","","","","","","","","","","","","","","","","","","","","","","","","","","",
"Romania","ROU","Coverage of social safety net programs (% of population)","per_sa_allsa.cov_pop_tot","","","","","","","","","","","","","","","","","","","","","","","","","","","","","","","","","","","","","","","","","","","","","","","","","55.4155257168349","","","62.2036739206077","61.8332872372693","","","","58.5815798407017","","","60.6685254868583","59.9296440866232","58.9895090935872","","","","",
"Russian Federation","RUS","Coverage of social safety net programs (% of population)","per_sa_allsa.cov_pop_tot","","","","","","","","","","","","","","","","","","","","","","","","","","","","","","","","","","","","","","","","","","","","","","","","28.1646598125844","","","","","","","68.0046396212912","66.8494917318505","67.8902079229578","65.8353354930798","","","","","","","","",
"Rwanda","RWA","Coverage of social safety net programs (% of population)","per_sa_allsa.cov_pop_tot","","","","","","","","","","","","","","","","","","","","","","","","","","","","","","","","","","","","","","","","","","","","","","1.87243969276457","","","","","22.5369328019766","","","20.0879471986498","","","","","","","","","","","","",
"South Asia","SAS","Coverage of social safety net programs (% of population)","per_sa_allsa.cov_pop_tot","","","","","","","","","","","","","","","","","","","","","","","","","","","","","","","","","","","","","","","","","","","","","","","","","","","","","","","","","","","","","","","","","","",
"Saudi Arabia","SAU","Coverage of social safety net programs (% of population)","per_sa_allsa.cov_pop_tot","","","","","","","","","","","","","","","","","","","","","","","","","","","","","","","","","","","","","","","","","","","","","","","","","","","","","","","","","","","","","","","","","","",
"Sudan","SDN","Coverage of social safety net programs (% of population)","per_sa_allsa.cov_pop_tot","","","","","","","","","","","","","","","","","","","","","","","","","","","","","","","","","","","","","","","","","","","","","","","","","","7.44815552491968","","","","","","","","","","","","","","","","",
"Senegal","SEN","Coverage of social safety net programs (% of population)","per_sa_allsa.cov_pop_tot","","","","","","","","","","","","","","","","","","","","","","","","","","","","","","","","","","","","","","","","","","","","","","","","","","","","8.23709756013295","","","","","","","22.5123841933518","","","26.8221323655314","","","","",
"Singapore","SGP","Coverage of social safety net programs (% of population)","per_sa_allsa.cov_pop_tot","","","","","","","","","","","","","","","","","","","","","","","","","","","","","","","","","","","","","","","","","","","","","","","","","","","","","","","","","","","","","","","","","","",
"Solomon Islands","SLB","Coverage of social safety net programs (% of population)","per_sa_allsa.cov_pop_tot","","","","","","","","","","","","","","","","","","","","","","","","","","","","","","","","","","","","","","","","","","","","","","1.66450777565671","","","","","","","","","","","","","","","","","","","","",
"Sierra Leone","SLE","Coverage of social safety net programs (% of population)","per_sa_allsa.cov_pop_tot","","","","","","","","","","","","","","","","","","","","","","","","","","","","","","","","","","","","","","","","","","","","","","","","","","","","30.1557655033465","","","","","","","17.3100389948864","","","","","","","",
"El Salvador","SLV","Coverage of social safety net programs (% of population)","per_sa_allsa.cov_pop_tot","","","","","","","","","","","","","","","","","","","","","","","","","","","","","","","","","","","","","","","","","","","","","","","","29.1781767653502","32.1472779507312","42.4775531167851","57.5252690390833","53.9794930120812","88.613706234665","","53.1403451479089","88.2949535111281","88.2863057930891","82.7081637256517","80.6246265766992","83.6677642762669","","85.3621726004599","87.6751610999571","","","",
"San Marino","SMR","Coverage of social safety net programs (% of population)","per_sa_allsa.cov_pop_tot","","","","","","","","","","","","","","","","","","","","","","","","","","","","","","","","","","","","","","","","","","","","","","","","","","","","","","","","","","","","","","","","","","",
"Somalia, Fed. Rep.","SOM","Coverage of social safety net programs (% of population)","per_sa_allsa.cov_pop_tot","","","","","","","","","","","","","","","","","","","","","","","","","","","","","","","","","","","","","","","","","","","","","","","","","","","","","","","","","","8.20527688482012","","","","","","","","",
"Serbia","SRB","Coverage of social safety net programs (% of population)","per_sa_allsa.cov_pop_tot","","","","","","","","","","","","","","","","","","","","","","","","","","","","","","","","","","","","","","","","","","","","","","","","11.8520263895116","","","11.274469582157","","","11.7243080909534","","13.4041636573424","","","10.9573411989672","10.5272169209422","","9.40901486070389","8.25945960023001","","","",
"Sub-Saharan Africa (excluding high income)","SSA","Coverage of social safety net programs (% of population)","per_sa_allsa.cov_pop_tot","","","","","","","","","","","","","","","","","","","","","","","","","","","","","","","","","","","","","","","","","","","","","","","","","","","","","","","","","","","","","","","","","","",
"South Sudan","SSD","Coverage of social safety net programs (% of population)","per_sa_allsa.cov_pop_tot","","","","","","","","","","","","","","","","","","","","","","","","","","","","","","","","","","","","","","","","","","","","","","","","","","6.2415080075841","","","","","","","","","","","","","","","","",
"Sub-Saharan Africa","SSF","Coverage of social safety net programs (% of population)","per_sa_allsa.cov_pop_tot","","","","","","","","","","","","","","","","","","","","","","","","","","","","","","","","","","","","","","","","","","","","","","","","","","","","","","","","","","","","","","","","","","",
"Small states","SST","Coverage of social safety net programs (% of population)","per_sa_allsa.cov_pop_tot","","","","","","","","","","","","","","","","","","","","","","","","","","","","","","","","","","","","","","","","","","","","","","","","","","","","","","","","","","","","","","","","","","",
"Sao Tome and Principe","STP","Coverage of social safety net programs (% of population)","per_sa_allsa.cov_pop_tot","","","","","","","","","","","","","","","","","","","","","","","","","","","","","","","","","","","","","","","","","","","","","","","","","","","","","","","","","","8.6793803782617","","","","","","","","",
"Suriname","SUR","Coverage of social safety net programs (% of population)","per_sa_allsa.cov_pop_tot","","","","","","","","","","","","","","","","","","","","","","","","","","","","","","","","","","","","","","","","","","","","","","","","","","","","","","","","","","","","","","","","","","",
"Slovak Republic","SVK","Coverage of social safety net programs (% of population)","per_sa_allsa.cov_pop_tot","","","","","","","","","","","","","","","","","","","","","","","","","","","","","","","","","","","","","","","","","","","","","","","","","","83.1967508739307","","","","","","","","","","","","","","","","",
"Slovenia","SVN","Coverage of social safety net programs (% of population)","per_sa_allsa.cov_pop_tot","","","","","","","","","","","","","","","","","","","","","","","","","","","","","","","","","","","","","","","","","","","","","","","","","","","","","","","","","","","","","","","","","","",
"Sweden","SWE","Coverage of social safety net programs (% of population)","per_sa_allsa.cov_pop_tot","","","","","","","","","","","","","","","","","","","","","","","","","","","","","","","","","","","","","","","","","","","","","","","","","","","","","","","","","","","","","","","","","","",
"Eswatini","SWZ","Coverage of social safety net programs (% of population)","per_sa_allsa.cov_pop_tot","","","","","","","","","","","","","","","","","","","","","","","","","","","","","","","","","","","","","","","","","44.3598476076341","","","","","","","","","51.6492948080344","","","","","","","80.3674659380177","","","","","","","","","",
"Sint Maarten (Dutch part)","SXM","Coverage of social safety net programs (% of population)","per_sa_allsa.cov_pop_tot","","","","","","","","","","","","","","","","","","","","","","","","","","","","","","","","","","","","","","","","","","","","","","","","","","","","","","","","","","","","","","","","","","",
"Seychelles","SYC","Coverage of social safety net programs (% of population)","per_sa_allsa.cov_pop_tot","","","","","","","","","","","","","","","","","","","","","","","","","","","","","","","","","","","","","","","","","","","","","","","","","","","","","","","","","","","","","","","","","","",
"Syrian Arab Republic","SYR","Coverage of social safety net programs (% of population)","per_sa_allsa.cov_pop_tot","","","","","","","","","","","","","","","","","","","","","","","","","","","","","","","","","","","","","","","","","","","","","","","","","","","","","","","","","","","","","","","","","","",
"Turks and Caicos Islands","TCA","Coverage of social safety net programs (% of population)","per_sa_allsa.cov_pop_tot","","","","","","","","","","","","","","","","","","","","","","","","","","","","","","","","","","","","","","","","","","","","","","","","","","","","","","","","","","","","","","","","","","",
"Chad","TCD","Coverage of social safety net programs (% of population)","per_sa_allsa.cov_pop_tot","","","","","","","","","","","","","","","","","","","","","","","","","","","","","","","","","","","","","","","","","","","","","","","","","","","","0.572243024437504","","","","","","","7.52005145576886","","","","9.77949250681614","","","",
"East Asia & Pacific (IDA & IBRD countries)","TEA","Coverage of social safety net programs (% of population)","per_sa_allsa.cov_pop_tot","","","","","","","","","","","","","","","","","","","","","","","","","","","","","","","","","","","","","","","","","","","","","","","","","","","","","","","","","","","","","","","","","","",
"Europe & Central Asia (IDA & IBRD countries)","TEC","Coverage of social safety net programs (% of population)","per_sa_allsa.cov_pop_tot","","","","","","","","","","","","","","","","","","","","","","","","","","","","","","","","","","","","","","","","","","","","","","","","","","","","","","","","","","","","","","","","","","",
"Togo","TGO","Coverage of social safety net programs (% of population)","per_sa_allsa.cov_pop_tot","","","","","","","","","","","","","","","","","","","","","","","","","","","","","","","","","","","","","","","","","","","","","","","","","","","","","","","","","","","9.81454323474683","","","14.9944122425256","","","","",
"Thailand","THA","Coverage of social safety net programs (% of population)","per_sa_allsa.cov_pop_tot","","","","","","","","","","","","","","","","","","","","","","","","","","","","","","","","","","","","","","","","","","","","","","","43.2824261721777","","","63.8934167758979","","62.5830941222476","","59.3332646830739","","","","70.4924871824142","76.5757511192793","77.2100402682917","83.2825341361486","87.0573052424201","","","","",
"Tajikistan","TJK","Coverage of social safety net programs (% of population)","per_sa_allsa.cov_pop_tot","","","","","","","","","","","","","","","","","","","","","","","","","","","","","","","","","","","","","","","","","","","","","","","","","","","","9.74993153224343","","","","","","","","","","","","","","",
"Turkmenistan","TKM","Coverage of social safety net programs (% of population)","per_sa_allsa.cov_pop_tot","","","","","","","","","","","","","","","","","","","","","","","","","","","","","","","","","","","","","","","","","","","","","","","","","","","","","","","","","","","","","","","","","","",
"Latin America & the Caribbean (IDA & IBRD countries)","TLA","Coverage of social safety net programs (% of population)","per_sa_allsa.cov_pop_tot","","","","","","","","","","","","","","","","","","","","","","","","","","","","","","","","","","","","","","","","","","","","","","","","","","","","","","","","","","","","","","","","","","",
"Timor-Leste","TLS","Coverage of social safety net programs (% of population)","per_sa_allsa.cov_pop_tot","","","","","","","","","","","","","","","","","","","","","","","","","","","","","","","","","","","","","","","","","","","","","","","","26.268647864766","","","","35.2090294064135","","","","","","","","","","","","","","",
"Middle East, North Africa, Afghanistan & Pakistan (IDA & IBRD)","TMN","Coverage of social safety net programs (% of population)","per_sa_allsa.cov_pop_tot","","","","","","","","","","","","","","","","","","","","","","","","","","","","","","","","","","","","","","","","","","","","","","","","","","","","","","","","","","","","","","","","","","",
"Tonga","TON","Coverage of social safety net programs (% of population)","per_sa_allsa.cov_pop_tot","","","","","","","","","","","","","","","","","","","","","","","","","","","","","","","","","","","","","","","","","","","","","","","","","","","","","","","","","","","","","","","","","","",
"South Asia (IDA & IBRD)","TSA","Coverage of social safety net programs (% of population)","per_sa_allsa.cov_pop_tot","","","","","","","","","","","","","","","","","","","","","","","","","","","","","","","","","","","","","","","","","","","","","","","","","","","","","","","","","","","","","","","","","","",
"Sub-Saharan Africa (IDA & IBRD countries)","TSS","Coverage of social safety net programs (% of population)","per_sa_allsa.cov_pop_tot","","","","","","","","","","","","","","","","","","","","","","","","","","","","","","","","","","","","","","","","","","","","","","","","","","","","","","","","","","","","","","","","","","",
"Trinidad and Tobago","TTO","Coverage of social safety net programs (% of population)","per_sa_allsa.cov_pop_tot","","","","","","","","","","","","","","","","","","","","","","","","","","","","","","","","","","","","","","","","","","","","","","","","","","","","","","","","","","","","","","","","","","",
"Tunisia","TUN","Coverage of social safety net programs (% of population)","per_sa_allsa.cov_pop_tot","","","","","","","","","","","","","","","","","","","","","","","","","","","","","","","","","","","","","","","","","","","","","","","","","","","14.425931930542","","","","","28.7845147458312","","","","","","11.73350586542","","","","",
"Turkiye","TUR","Coverage of social safety net programs (% of population)","per_sa_allsa.cov_pop_tot","","","","","","","","","","","","","","","","","","","","","","","","","","","","","","","","","","","","","","","","","","","","","27.2196844619737","27.6037286042508","30.5047557594026","33.1635525705489","37.0521849845735","17.9661078849414","18.4449513769333","18.3921538609493","15.8607450082164","16.6905692574899","17.6757640256123","17.1004145992724","17.960378362579","16.5630940122622","15.5255708265927","14.4578637026272","","","","","","",
"Tuvalu","TUV","Coverage of social safety net programs (% of population)","per_sa_allsa.cov_pop_tot","","","","","","","","","","","","","","","","","","","","","","","","","","","","","","","","","","","","","","","","","","","","","","","","","","","","","","","","","","","","","","","","","","",
"Tanzania","TZA","Coverage of social safety net programs (% of population)","per_sa_allsa.cov_pop_tot","","","","","","","","","","","","","","","","","","","","","","","","","","","","","","","","","","","","","","","","","","","","","","","","","8.77900075683078","","15.714510371684","","19.345326867877","","10.9351698934273","","","","","","","","","","","",
"Uganda","UGA","Coverage of social safety net programs (% of population)","per_sa_allsa.cov_pop_tot","","","","","","","","","","","","","","","","","","","","","","","","","","","","","","","","","","","","","","","","","","","","","","9.84115656062756","","","","6.46920982732836","","","60.472307628686","","","","0.664244324210221","","","","","","","","","",
"Ukraine","UKR","Coverage of social safety net programs (% of population)","per_sa_allsa.cov_pop_tot","","","","","","","","","","","","","","","","","","","","","","","","","","","","","","","","","","","","","","","","","","","","","","","47.4456339716821","","","","","48.9866824523114","49.516791902897","48.0739594105167","","36.6281938674052","34.7445074918265","72.2053281204439","70.4227865786798","43.8793732303318","36.7526966901492","","","","","",
"Upper middle income","UMC","Coverage of social safety net programs (% of population)","per_sa_allsa.cov_pop_tot","","","","","","","","","","","","","","","","","","","","","","","","","","","","","","","","","","","","","","","","","","","","","","","","","","","","","","","","","","","","","","","","","","",
"Uruguay","URY","Coverage of social safety net programs (% of population)","per_sa_allsa.cov_pop_tot","","","","","","","","","","","","","","","","","","","","","","","","","","","","","","","","","","","","","","","","","","","","","","","","","48.0597280283185","55.3214978150602","58.7415339010709","57.4832142019285","59.2050471913861","","","55.8740573574445","57.807183462666","58.2396626193281","58.5097399985508","59.5446206940286","44.2932964264168","47.8475390905314","45.7177921568815","","","",
"United States","USA","Coverage of social safety net programs (% of population)","per_sa_allsa.cov_pop_tot","","","","","","","","","","","","","","","","","","","","","","","","","","","","","","","","","","","","","","","","","","","","","","","","","","","","","","","","","","","","","","","","","","",
"Uzbekistan","UZB","Coverage of social safety net programs (% of population)","per_sa_allsa.cov_pop_tot","","","","","","","","","","","","","","","","","","","","","","","","","","","","","","","","","","","","","","","","","","","","","","","","","","","","","","","","","","","7.04296937638022","","","","","","","",
"St. Vincent and the Grenadines","VCT","Coverage of social safety net programs (% of population)","per_sa_allsa.cov_pop_tot","","","","","","","","","","","","","","","","","","","","","","","","","","","","","","","","","","","","","","","","","","","","","","","","","","","","","","","","","","","","","","","","","","",
"Venezuela, RB","VEN","Coverage of social safety net programs (% of population)","per_sa_allsa.cov_pop_tot","","","","","","","","","","","","","","","","","","","","","","","","","","","","","","","","","","","","","","","","","","","","","","","4.73915004455848","","","","","","","","","","","","","","","","","","","",
"British Virgin Islands","VGB","Coverage of social safety net programs (% of population)","per_sa_allsa.cov_pop_tot","","","","","","","","","","","","","","","","","","","","","","","","","","","","","","","","","","","","","","","","","","","","","","","","","","","","","","","","","","","","","","","","","","",
"Virgin Islands (U.S.)","VIR","Coverage of social safety net programs (% of population)","per_sa_allsa.cov_pop_tot","","","","","","","","","","","","","","","","","","","","","","","","","","","","","","","","","","","","","","","","","","","","","","","","","","","","","","","","","","","","","","","","","","",
"Viet Nam","VNM","Coverage of social safety net programs (% of population)","per_sa_allsa.cov_pop_tot","","","","","","","","","","","","","","","","","","","","","","","","","","","","","","","","","","","","","","","","","","","","","","","22.5312115655317","","","","38.5410478848029","","23.3843714424791","","17.5068280169369","","","","20.2483490123136","","88.2226543811617","","","","","",
"Vanuatu","VUT","Coverage of social safety net programs (% of population)","per_sa_allsa.cov_pop_tot","","","","","","","","","","","","","","","","","","","","","","","","","","","","","","","","","","","","","","","","","","","","","","","","","","","","","","","","","","","","","","","","","","",
"World","WLD","Coverage of social safety net programs (% of population)","per_sa_allsa.cov_pop_tot","","","","","","","","","","","","","","","","","","","","","","","","","","","","","","","","","","","","","","","","","","","","","","","","","","","","","","","","","","","","","","","","","","",
"Samoa","WSM","Coverage of social safety net programs (% of population)","per_sa_allsa.cov_pop_tot","","","","","","","","","","","","","","","","","","","","","","","","","","","","","","","","","","","","","","","","","","","","","","","","","","","","","","","","","","","","","","","","","","",
"Kosovo","XKX","Coverage of social safety net programs (% of population)","per_sa_allsa.cov_pop_tot","","","","","","","","","","","","","","","","","","","","","","","","","","","","","","","","","","","","","","","","","","","","","","","6.99167034208005","","","","","12.4782230479901","13.7013610708696","14.0504711083971","","","","7.23811472661762","","","","","","","","",
"Yemen, Rep.","YEM","Coverage of social safety net programs (% of population)","per_sa_allsa.cov_pop_tot","","","","","","","","","","","","","","","","","","","","","","","","","","","","","","","","","","","","","","","","","","","","","","12.5722126075842","","","","","","","","","37.9822787932942","","","","","","","","","","","",
"South Africa","ZAF","Coverage of social safety net programs (% of population)","per_sa_allsa.cov_pop_tot","","","","","","","","","","","","","","","","","","","","","","","","","","","","","","","","","","","","","","","","","","","","","","56.5867939498893","","","","","60.8092757513141","","","","78.6505942889258","","75.7607523081997","","76.7742102989865","82.6063598461401","77.5913571800109","76.7173212266469","","","","",
"Zambia","ZMB","Coverage of social safety net programs (% of population)","per_sa_allsa.cov_pop_tot","","","","","","","","","","","","","","","","","","","","","","","","","","","","","","","","","","","","","","","","","","","","","","","","","","","0.729851984965153","","","","","1.4608717616904","","","","","","","","","","",
"Zimbabwe","ZWE","Coverage of social safety net programs (% of population)","per_sa_allsa.cov_pop_tot","","","","","","","","","","","","","","","","","","","","","","","","","","","","","","","","","","","","","","","","","","","","","","","","19.9784161699009","","","","27.729772567749","","","","","","11.4007642446007","","31.0907020568848","","","","","","",
